{"phase1_documents_total": 657, "phase1_documents_successful": 644, "phase1_documents_failed": 13, "phase1_duration": 573.2757940292358, "_timestamp": 1750124872.0551887, "_runtime": 574.2989957332611, "_step": 3, "phase2_chunks_total": 11727, "phase2_chunks_python": 1721, "phase2_chunks_document": 7005, "phase2_bridge_potential": 12055605, "phase2_duration": 0.0006198883056640625, "phase3_embeddings_count": 11727, "phase3_embedding_dimension": 384, "phase3_duration": 0.4746582508087158, "phase4_bridges_total": 1125, "phase4_bridge_types": {"co-location": 789, "cross-domain": 336}, "phase4_duration": 0.030754566192626953}